season1,club1,season2,club2,season3,club3,pos,letters,country,name,countryCode,col1A,col1B,col1C,col2A,col2B,col2C,col3A,col3B,col3C,
Anni 2000,Europa,Anni 2000,Europa,Anni 2000,Europa,FW,3+10,Netherlands,Van Nistelrooy,NL,blue,gold,blue,blue,gold,blue,blue,gold,blue,
1995/96,Rapid Vienna,2002/03,Udinese,2005/06,1. FC Kaiserslautern,FW,7,Germany,Jancker,DE,green,white,green,white,black,white,red,red,white,
1992/93,Blackburn Rovers,1995/96,Blackburn Rovers,1996/97,Newcastle Utd,FW,7,England,Shearer,GB,white,royalblue,white,white,royalblue,white,white,black,white,
2005,Bayer 04 Leverkusen,2008/09,Bayern Munich,2009/10,Everton,FW,7,USA,Donovan,US,red,black,red,red,red,white,blue,blue,blue,
2010/11,São Paulo FC,2016/17,Sevilla,2020/21,Fluminense,MF,5,Brazil,Ganso,BR,white,red,black,white,red,white,green,white,darkred,
1996/97,Tenerife,1999/00,Bayer 04 Leverkusen,2008/09,Borussia M'Gladbach,FW,8,Germany,Neuville,DE,white,white,blue,red,black,red,white,forestgreen,black,
1994/95,Reggiana,1998/99,Lecce,2004/05,Genoa,MF,5,Italy,Cozza,IT,brown,brown,brown,red,yellow,red,navy,darkred,navy,
1992/93,Grasshoppers,2000/01,Bayern Munich,2003/04,Olympique Lyon,FW,5,Brazil,Elber,BR,white,blue,white,red,red,white,white,red,blue,
2009/10,Genoa,2012/13,AC Milan,2015/16,Chelsea,GK,6,Italy,Amelia,IT,navy,darkred,navy,red,black,red,blue,blue,blue,
1997/98,Tenerife,2000/01,Deportivo La Coruna,2008/09,Feyenoord,FW,6,Netherlands,Makaay,NL,white,white,blue,blue,white,blue,white,red,black,
1997/98,Parma,2004/05,Inter,2006/07,Levante,DF,2+5,Brazil,Zé Maria,BR,white,gold,blue,blue,black,blue,navy,red,navy,
2004/05,Rapid Vienna,2007/08,Napoli,2008/09,Atalanta,DF,6,Austria,Garics,AT,green,white,green,dodgerblue,dodgerblue,dodgerblue,blue,black,blue,
1998/99,Willem II,2006/07,Liverpool,2010/11,Bayer 04 Leverkusen,DF,6,Finland,Hyypiä,FI,red,white,blue,red,red,red,red,black,red,
1987/88,Torino,1990/91,Sevilla,1995/96,1. FC Köln,FW,7,Austria,Polster,AT,firebrick,firebrick,firebrick,white,red,white,white,white,red,
2004/05,Monaco,2010/11,Real Madrid,2015/16,Crystal Palace,FW,8,Togo,Adebayor,TG,red,white,red,white,white,white,blue,red,blue,
1991/92,Toulouse,1997/98,Monaco,2006/07,Nantes,GK,7,France,Barthez,FR,purple,purple,white,red,white,red,yellow,green,yellow,
1993/94,Eintracht Frankfurt,1999/00,Paris Saint Germain,2004/05,Bolton Wanderers,MF,6,Nigeria,Okocha,NG,red,black,red,navy,red,navy,white,red,navy,
1995/96,Nantes,2001/02,Torino,2004/05,CSKA Sofia,MF,5,France,Cauet,FR,yellow,green,yellow,firebrick,firebrick,firebrick,red,red,white,
2009/10,Espanyol,2013/14,Juventus,2015/16,Porto,FW,7,Italy,Osvaldo,IT,royalblue,white,royalblue,white,black,white,blue,white,blue,
1990/91,Torino,2001/02,Lazio,2003/04,Blackburn Rovers,MF,6,Italy,Baggio,IT,firebrick,firebrick,firebrick,skyblue,skyblue,white,white,royalblue,white,
1995/96,Bari,2001/02,Liverpool,2002/03,Galatasaray,DF,4+6,Portugal,Abel Xavier,PT,white,white,red,red,red,red,red,gold,red,
1994/95,Reggiana,1998/99,Ajax,2004/05,Borussia Dortmund,MF,6,Nigeria,Oliseh,NG,brown,brown,brown,white,red,white,yellow,yellow,black,
1994/95,Foggia,1999/00,Inter,2005/06,Brescia,MF,2+6,Italy,Di Biagio,IT,red,black,red,blue,black,blue,dodgerblue,white,dodgerblue,
1991/92,Benfica,1993/94,Benfica,2007/08,Benfica,MF,3+5,Portugal,Rui Costa,PT,red,red,white,red,red,white,red,red,white,
2014/15,Elche,2015/16,Monaco,2017/18,Spartak Moscow,MF,7,Croatia,Pasalic,HR,white,green,white,red,white,red,red,white,red,
1997/98,Reggina,1998/99,Juventus,2000/01,Bari,MF,8,Italy,Perrotta,IT,maroon,maroon,maroon,white,black,white,white,white,red,
1989/90,Napoli,1992/93,Roma,1995/96,Pescara,FW,9,Italy,Carnevale,IT,dodgerblue,dodgerblue,dodgerblue,darkred,darkred,gold,dodgerblue,white,dodgerblue,
1996/97,AC Milan,1997/98,Juventus,2010/11,Crystal Palace,MF,6,Netherlands,Davids,NL,red,black,red,white,black,white,blue,red,blue,
1993/94,Deportivo La Coruna,1996/97,Sevilla,2000,Kashima Antlers,FW,6,Brazil,Bebeto,BR,blue,white,blue,white,red,white,red,red,black,
1986,Palmeiras,1994/95,Genoa,2005/06,Sydney FC,FW,5,Japan,Miura,JP,darkgreen,darkgreen,white,navy,darkred,navy,skyblue,skyblue,navy,
1997/98,Udinese,2004/05,Malaga,2006/07,Corinthians,FW,7,Brazil,Amoroso,BR,white,black,white,royalblue,white,royalblue,black,white,black,
1994/95,Real Zaragoza,1995/96,Real Madrid,1996/97,Atletico Madrid,FW,8,Argentina,Esnaider,AR,white,white,blue,white,white,white,red,white,red,
1984/85,Schalke 04,1989/90,Bayern Munich,2001/02,Schalke 04,DF/MF,4,Germany,Thon,DE,royalblue,royalblue,white,red,red,white,royalblue,royalblue,white,
2001/02,Parma,2007/08,Lyn Oslo,2010/11,River Plate,MF,7,Argentina,Almeyda,AR,white,gold,blue,white,red,blue,white,red,white,
1987/88,Juventus,1990/91,Bologna,1995/96,Juvenes,MF,6,San Marino,Bonini,SM,white,black,white,darkred,navy,darkred,white,white,dodgerblue,
2002/03,Feyenoord,2015/16,Fenerbahçe,2018/19,Feyenoord,FW,3+6,Netherlands,Van Persie,NL,white,red,black,navy,yellow,navy,white,red,black,
1988/89,Cremonese,1997/98,Crystal Palace,2001/02,Sampdoria,MF,8,Italy,Lombardo,IT,red,gray,red,blue,red,blue,dodgerblue,white,dodgerblue,
1997/98,Sheffield Wednesday,1999/00,Aston Villa,2006/07,Sydney FC,FW,7,Italy,Carbone,IT,white,royalblue,white,skyblue,darkred,skyblue,skyblue,skyblue,navy,
1991/92,Bayern Munich,1993/94,AC Milan,1998/99,Chelsea,MF/FW,7,Denmark,Laudrup,DK,red,red,white,red,black,red,blue,blue,blue,
1989/90,Nacional,2000/01,Juventus,2002/03,Como,FW,7,Uruguay,Fonseca,UY,white,blue,red,white,black,white,royalblue,royalblue,royalblue,
1984/85,Avellino,1992/93,AC Milan,1994/95,Reggiana,MF,2+6,Italy,De Napoli,IT,green,white,green,red,black,red,brown,brown,brown,
1981/82,Athletic Bilbao,1991/92,Barcelona,1995/96,Valencia,GK,11,Spain,Zubizarreta,ES,red,white,red,firebrick,navy,firebrick,white,white,black,
2010/11,Manchester City,2014/15,Liverpool,2018/19,Olympique Marseille,FW,9,Italy,Balotelli,IT,skyblue,skyblue,white,red,red,red,white,white,dodgerblue,
2011/12,Real Madrid,2014/15,Napoli,2019/20,Napoli,FW,8,Spain,Callejon,ES,white,white,white,dodgerblue,dodgerblue,dodgerblue,dodgerblue,dodgerblue,dodgerblue,
2006/07,Hertha Berlin,2010/11,Manchester City,2021/22,Olympique Lyon,DF,7,Germany,Boateng,DE,blue,white,blue,skyblue,skyblue,white,white,red,blue,
2008/09,Siena,2015/16,Bologna,2016/17,Watford,DF/MF,6,Colombia,Zúñiga,CO,white,black,white,darkred,navy,darkred,yellow,black,red,
1995/96,AC Milan,2005/06,Juventus,2008/09,Inter,MF,6,France,Vieira,FR,red,black,red,white,black,white,blue,black,blue,
1997/98,Udinese,2004/05,Norwich City,2006/07,Borussia M'Gladbach,DF,6,Denmark,Helveg,DK,white,black,white,forestgreen,yellow,forestgreen,white,forestgreen,black,
1997/98,1. FC Kaiserslautern,2001/02,Bayer 04 Leverkusen,2008/09,Chelsea,MF,7,Germany,Ballack,DE,red,red,white,red,black,red,blue,blue,blue,
2003/04,Everton,2017/18,Everton,2020/21,Derby County,FW,6,England,Rooney,GB,blue,blue,blue,blue,blue,blue,white,white,black,
1990/91,Go Ahead Eagles,1994/95,Ajax,2008/09,Go Ahead Eagles,MF,8,Netherlands,Overmars,NL,red,yellow,red,white,red,white,red,yellow,red,
1988/89,Dynamo Dresden,1990/91,Stuttgart,1994/95,Borussia Dortmund,DF/MF,6,Germany,Sammer,DE,black,gold,black,white,red,white,yellow,yellow,black,
1989/90,Atalanta,1994/95,Benfica,2001/02,Rangers,FW,8,Argentina,Caniggia,AR,blue,black,blue,red,red,white,royalblue,white,red,
1987/88,Stuttgart,1994/95,Tottenham,1997/98,Sampdoria,FW,9,Germany,Klinsmann,DE,white,red,white,white,white,navy,dodgerblue,white,dodgerblue,
2004/05,Mallorca,2008/09,Fiorentina,2014/15,Galatasaray,MF,6+4,Brazil,Felipe Melo,BR,red,red,black,blueviolet,blueviolet,blueviolet,red,gold,red,
2008/09,Barcelona,2010/11,Sevilla,2017/18,Hellas Verona,DF,7,Uruguay,Caceres,UY,firebrick,navy,firebrick,white,red,white,mediumblue,mediumblue,gold,
1983/84,1. FC Kaiserslautern,1992/93,Real Zaragoza,1996/97,1. FC Kaiserslautern,DF/MF,6,Germany,Brehme,DE,red,red,white,white,white,blue,red,red,white,
1990/91,Karlsruhe,1994/95,Bayern Munich,2001/02,Bayern Munich,GK,4,Germany,Kahn,DE,blue,blue,white,red,red,white,red,red,white,
2000/01,Roma,2002/03,Parma,2005/06,Bolton Wanderers,MF,6,Japan,Nakata,JP,darkred,darkred,gold,white,gold,blue,white,red,navy,
1993/94,Estudiantes,2001/02,Villarreal,2010/11,Boca Juniors,FW,7,Argentina,Palermo,AR,red,white,red,yellow,yellow,yellow,blue,gold,blue,
1987/88,San Lorenzo,1990/91,Real Zaragoza,2000/01,RC Strasbourg,GK,9,Paraguay,Chilavert,PY,navy,red,navy,white,white,blue,blue,blue,white,
1985/86,Juventus,1988/89,Hellas Verona,1994/95,Fiorentina,DF,5,Italy,Pioli,IT,white,black,white,mediumblue,mediumblue,gold,blueviolet,blueviolet,blueviolet,
2011/12,1860 Munich,2017/18,Bayer 04 Leverkusen,2020/21,Monaco,FW,7,Germany,Volland,DE,skyblue,white,skyblue,red,black,red,red,white,red,
1999/00,Sevilla,2006/07,Juventus,2008/09,Napoli,FW,8,Uruguay,Zalayeta,UY,white,red,white,white,black,white,dodgerblue,dodgerblue,dodgerblue,
1991/92,Torino,1997/98,Atletico Madrid,2008/09,Atalanta,FW,5,Italy,Vieri,IT,firebrick,firebrick,firebrick,red,white,red,blue,black,blue,
1990/91,Lecce,1997/98,Celta Vigo,2000/01,Elche,MF,7,Brazil,Mazinho,BR,red,yellow,red,skyblue,skyblue,skyblue,white,green,white,
1998/99,Betis,2005/06,Bordeaux,2007,FC Dallas,FW,8,Brazil,Denilson,BR,green,white,green,navy,navy,white,red,red,navy,
1991/92,Real Madrid,1992/93,Brescia,1994/95,Barcelona,MF,4,Romania,Hagi,RO,white,white,white,dodgerblue,white,dodgerblue,firebrick,navy,firebrick,
1994/95,Dynamo Dresden,1999/00,Bayern Munich,2008/09,Salzburg,FW,7,Germany,Zickler,DE,black,gold,black,red,red,white,blueviolet,blueviolet,blueviolet,
2009/10,Portsmouth,2016/17,Las Palmas,2020,Besiktas,MF/FW,7,Ghana,Boateng,GH,royalblue,white,red,yellow,yellow,blue,white,white,black,
2006/07,Sporting CP,2015/16,Sporting CP,2019/20,Wolverhampton,GK,3+8,Portugal,Rui Patricio,PT,green,white,green,green,white,green,gold,gold,black,
1996/97,Real Madrid,1999/00,Arsenal,2002/03,1860 Munich,FW,5,Croatia,Suker,HR,white,white,white,white,red,white,skyblue,white,skyblue,
1988/89,Montpellier,1991/92,Real Valladolid,1998/99,Miami Fusion,MF,10,Colombia,Valderrama,CO,navy,orange,navy,white,darkviolet,white,blue,blue,blue,
1980/81,1860 Munich,1993/94,Olympique Marseille,1995/96,Bayer 04 Leverkusen,FW,6,Germany,Völler,DE,skyblue,white,skyblue,white,white,dodgerblue,red,black,red,
2003/04,Roma,2005/06,Olympique Lyon,2010/11,Aston Villa,FW,5,Norway,Carew,NO,darkred,darkred,gold,white,red,blue,skyblue,darkred,skyblue,
1992/93,Pescara,1995/96,Cagliari,1997/98,Napoli,MF,7,Italy,Allegri,IT,dodgerblue,white,dodgerblue,navy,red,navy,dodgerblue,dodgerblue,dodgerblue,
1991/92,Caratese,1992/93,Juventus,2003/04,Espanyol,DF,10,Italy,Torricelli,IT,blue,blue,blue,white,black,white,royalblue,white,royalblue,
1986/87,Auxerre,1992/93,Leeds Utd,1994/95,Manchester Utd,FW,7,France,Cantona,FR,white,white,steelblue,white,yellow,royalblue,red,red,red,
1993/94,Napoli,2003/04,Inter,2009/10,Juventus,DF,9,Italy,Cannavaro,IT,dodgerblue,dodgerblue,dodgerblue,blue,black,blue,white,black,white,
2003/04,Udinese,2007/08,Portsmouth,2017/18,Deportivo La Coruna,MF,7,Ghana,Muntari,GH,white,black,white,royalblue,white,red,blue,white,blue,
2003/04,Parma,2010/11,Fiorentina,2013/14,Genoa,FW,9,Italy,Gilardino,IT,white,gold,blue,blueviolet,blueviolet,blueviolet,navy,darkred,navy,
2012/13,Novara,2014/15,Udinese,2016/17,Sampdoria,MF,5+9,Portugal,Bruno Fernandes,PT,dodgerblue,dodgerblue,black,white,black,white,dodgerblue,white,dodgerblue,
2002/03,Atletico Madrid,2003/04,Lazio,2004/05,Atalanta,MF,9,Italy,Albertini,IT,red,white,red,skyblue,skyblue,white,blue,black,blue,
1996/97,Manchester Utd,1998/99,Benfica,2001/02,Lazio,MF,8,Czechia,Poborsky,CZ,red,red,red,red,red,white,skyblue,skyblue,white,
1987/88,QPR,1996/97,Arsenal,2003/04,Manchester City,GK,6,England,Seaman,GB,white,royalblue,white,white,red,white,skyblue,skyblue,white,
1997/98,Werder Bremen,2003/04,Borussia Dortmund,2011/12,Toronto FC,MF,6,Germany,Frings,DE,forestgreen,forestgreen,white,yellow,yellow,black,red,gray,red,
1981/82,Sambenedettese,1994/95,Sampdoria,1997/98,N.E. Revolution,GK,5,Italy,Zenga,IT,red,navy,red,dodgerblue,white,dodgerblue,navy,navy,red,
2005/06,Lecce,2008/09,Sampdoria,2011/12,Catania,MF,10,Italy,Delvecchio,IT,red,yellow,red,dodgerblue,white,dodgerblue,red,dodgerblue,red,
1991/92,Bari,1994/95,Sampdoria,1996/97,Arsenal,MF,5,England,Platt,GB,white,white,red,dodgerblue,white,dodgerblue,white,red,white,
2007/08,Siena,2013/14,Genoa,2015/16,Olympique Marseille,DF,2+6,Italy,De Ceglie,IT,white,black,white,navy,darkred,navy,white,white,dodgerblue,
2005/06,Udinese,2011/12,Villarreal,2020/21,Genoa,DF,6,Colombia,Zapata,CO,white,black,white,yellow,yellow,yellow,navy,darkred,navy,
2006/07,Real Zaragoza,2009/10,Barcelona,2011/12,Independiente,MF,6,Argentina,Milito,AR,white,white,blue,firebrick,navy,firebrick,red,red,black,
2003/04,Real Madrid,2008/09,AC Milan,2012/13,Paris Saint Germain,MF,7,England,Beckham,GB,white,white,white,red,black,red,navy,red,navy,
2003/04,PSV,2008/09,Celtic,2010/11,Rapid Vienna,FW,9+2+9,Netherlands,Vennegoor of Hesselink,NL,red,white,red,green,white,green,green,white,green,
2009/10,1. FC Köln,2013/14,Arsenal,2016/17,Galatasaray,FW,8,Germany,Podolski,DE,white,white,red,white,red,white,red,gold,red,
2001/02,River Plate,2005/06,Paris Saint Germain,2011/12,AC Milan,DF,5,Colombia,Yepes,CO,white,red,white,navy,red,navy,red,black,red,
1986/87,Vasco da Gama,2000/01,Vasco da Gama,2007/08,Vasco da Gama,FW,7,Brazil,Romario,BR,black,black,white,black,black,white,black,black,white,
2011/12,Chelsea,2014/15,Everton,2021/22,Chelsea,FW,6,Belgium,Lukaku,BE,blue,blue,blue,blue,blue,blue,blue,blue,blue,
1988/89,Juventus,1993/94,Barcelona,1994/95,Real Madrid,MF/FW,7,Denmark,Laudrup,DK,white,black,white,firebrick,navy,firebrick,white,white,white,
1979/80,Sambenedettese,1982/83,Avellino,1992/93,Genoa,GK,7,Italy,Tacconi,IT,red,navy,red,green,white,green,navy,darkred,navy,
2004/05,Genoa,2006/07,Real Zaragoza,2008/09,Genoa,FW,6,Argentina,Milito,AR,navy,darkred,navy,white,white,blue,navy,darkred,navy,
1998/99,Rangers,2001/02,Arsenal,2005/06,Barcelona,DF,3+11,Netherlands,van Bronckhorst,NL,royalblue,white,red,white,red,white,firebrick,navy,firebrick,
1995/96,Schalke 04,1998/99,AC Milan,2006/07,Arsenal,GK,7,Germany,Lehmann,DE,royalblue,royalblue,white,red,black,red,white,red,white,
2005/06,Shakhtar Donetsk,2008/09,Manchester City,2013,Gremio,MF,5,Brazil,Elano,BR,orange,orange,black,skyblue,skyblue,white,dodgerblue,white,black,
2004/05,Lazio,2014/15,Galatasaray,2016/17,Genoa,FW,6,North Macedonia,Pandev,MK,skyblue,skyblue,white,red,gold,red,navy,darkred,navy,
1997/98,PSV,2000/01,Inter,2007,Corinthians,MF,7,Brazil,Vampeta,BR,red,white,red,blue,black,blue,black,white,black,
1999/00,Alaves,2001/02,AC Milan,2006/07,Getafe,DF/MF,6,Romania,Contra,RO,blue,white,black,red,black,red,blue,blue,blue,
2008/09,AZ Alkmaar,2012/13,Feyenoord,2014/15,Southampton,FW,5,Italy,Pellè,IT,red,white,black,white,red,black,red,white,red,
2001/02,Lazio,2002/03,Barcelona,2003/04,Middlesbrough,MF,8,Spain,Mendieta,ES,skyblue,skyblue,white,firebrick,navy,firebrick,red,red,white,
2002/03,Watford,2006/07,Liverpool,2011/12,Stoke City,MF,7,England,Pennant,GB,yellow,black,red,red,red,red,white,red,white,
2001/02,Tottenham,2003/04,Fenerbahçe,2004/05,West Ham Utd,FW,6,Ukraine,Rebrov,UA,white,white,navy,navy,yellow,navy,skyblue,darkred,skyblue,
2009/10,Auxerre,2011/12,Genoa,2015/16,Chievo Verona,MF,5,Slovenia,Birsa,SI,white,white,steelblue,navy,darkred,navy,gold,gold,blue,
2005/06,Barcelona,2008/09,Bayern Munich,2011/12,AC Milan,MF,3+6,Netherlands,van Bommel,NL,firebrick,navy,firebrick,red,red,white,red,black,red,
2005/06,Liverpool,2014/15,Bayern Munich,2020,Aston Villa,GK,5,Spain,Reina,ES,red,red,red,red,red,white,skyblue,darkred,skyblue,
1996/97,Como,1998/99,Bari,2006/07,Barcelona,DF/MF,9,Italy,Zambrotta,IT,royalblue,royalblue,royalblue,white,white,red,firebrick,navy,firebrick,
1996/97,Sparta Prague,2000/01,Fiorentina,2006/07,Sparta Prague,DF,5,Czechia,Repka,CZ,darkred,darkred,white,blueviolet,blueviolet,blueviolet,darkred,darkred,white,
2013/14,Siena,2016/17,Atalanta,2018/19,Juventus,DF/MF,10,Italy,Spinazzola,IT,white,black,white,blue,black,blue,white,black,white,
1987/88,Bayer Uerdingen,1990/91,Salzburg,2001/02,Monaco,FW,8,Germany,Bierhoff,DE,blue,red,blue,blueviolet,blueviolet,blueviolet,red,white,red,
2008/09,Inter,2010/11,West Ham Utd,2015/16,Duisburg,FW,6,Nigeria,Obinna,NG,blue,black,blue,skyblue,darkred,skyblue,white,white,blue,
1990/91,Bologna,1994/95,Lazio,2003/04,Lazio,DF,5,Italy,Negro,IT,darkred,navy,darkred,skyblue,skyblue,white,skyblue,skyblue,white,
1997/98,Hertha Berlin,2006/07,Aston Villa,2012/13,1860 Munich,GK,6,Hungary,Király,HU,blue,white,blue,skyblue,darkred,skyblue,skyblue,white,skyblue,
1990/91,Fiorentina,1995/96,Genoa,1999/00,Atalanta,FW,5,Italy,Nappi,IT,blueviolet,blueviolet,blueviolet,navy,darkred,navy,blue,black,blue,
2016/17,West Ham Utd,2017/18,Valencia,2018/19,Torino,FW,4,Italy,Zaza,IT,skyblue,darkred,skyblue,white,white,black,firebrick,firebrick,firebrick,
2008/09,Roma,2012/13,Paris Saint Germain,2019/20,Paris FC,FW,5,France,Menez,FR,darkred,darkred,gold,navy,red,navy,navy,navy,white,
1996/97,Middlesbrough,2001/02,Derby County,2003/04,Dundee FC,FW,9,Italy,Ravanelli,IT,red,red,white,white,white,black,navy,navy,dodgerblue,
1983/84,Benfica,1986/87,Atalanta,1991/92,Atalanta,MF,9,Sweden,Strömberg,SE,red,red,white,blue,black,blue,blue,black,blue,
2005/06,Inter,2009/10,Bari,2017/18,AC Milan,DF,7,Italy,Bonucci,IT,blue,black,blue,white,white,red,red,black,red,
1986/87,Honvéd,1990/91,Bologna,1993/94,Genoa,MF,6,Hungary,Détári,HU,red,black,red,darkred,navy,darkred,navy,darkred,navy,
1981/82,Cagliari,1983/84,Torino,1985/86,Inter,FW,8,Italy,Selvaggi,IT,navy,red,navy,firebrick,firebrick,firebrick,blue,black,blue,
2007/08,Pro Vercelli,2015/16,Pescara,2018/19,Genoa,FW,8,Peru,Lapadula,PE,white,white,white,dodgerblue,white,dodgerblue,navy,darkred,navy,
2003/04,Palermo,2005/06,Fiorentina,2012/13,Fiorentina,FW,4,Italy,Toni,IT,lightpink,lightpink,black,blueviolet,blueviolet,blueviolet,blueviolet,blueviolet,blueviolet,
1992/93,Roma,1998/99,Lazio,2005/06,Inter,DF/MF,10,Serbia,Mihajlović,RS,darkred,darkred,gold,skyblue,skyblue,white,blue,black,blue,
1996/97,Bayern Munich,1998/99,Piacenza,2000/01,Cesena,FW,10,Italy,Rizzitelli,IT,red,red,white,red,red,white,white,white,black,
1974/75,Real Madrid,1977/78,Eintracht Braunschweig,1981/82,Bayern Munich,DF/MF,8,Germany,Breitner,DE,white,white,white,yellow,blue,yellow,red,red,white,
1997/98,Barcelona,1999/00,Olympique Marseille,2009/10,Espanyol,MF,2+2+4,Spain,de la Peña,ES,firebrick,navy,firebrick,white,white,dodgerblue,royalblue,white,royalblue,
1985/86,Club Brugge,1992/93,AC Milan,1996/97,Bordeaux,FW,5,France,Papin,FR,blue,black,blue,red,black,red,navy,navy,white,
1999/00,Real Madrid,2010/11,Real Madrid,2016/17,Porto,GK,8,Spain,Casillas,ES,white,white,white,white,white,white,blue,white,blue,
2015/16,Real Madrid,2018/19,Real Madrid,2019/20,Leeds Utd,GK,7,Spain,Casilla,ES,white,white,white,white,white,white,white,yellow,royalblue,
1999,Perugia,2002/03,Celta Vigo,2005/06,Argentinos Juniors,FW,8,Ecuador,Kaviedes,EC,red,red,white,skyblue,skyblue,skyblue,red,red,white,
1997/98,Vicenza,1999/00,Torino,2001/02,Barcelona,DF/MF,4,Italy,Coco,IT,red,white,red,firebrick,firebrick,firebrick,firebrick,navy,firebrick,
2004/05,Lorient,2008/09,Toulouse,2018/19,Tigres UANL,FW,6,France,Gignac,FR,orange,orange,black,purple,purple,white,gold,blue,gold,
1995/96,Bayer 04 Leverkusen,1997/98,Roma,2000/01,Bayern Munich,FW,5+6,Brazil,Paulo Sergio,BR,red,black,red,darkred,darkred,gold,red,red,white,
1989/90,Argentinos Juniors,1991/92,Tenerife,2002/03,AC Milan,MF,7,Argentina,Redondo,AR,red,red,white,white,white,blue,red,black,red,
1993/94,Paris Saint Germain,2000/01,Aston Villa,2002,Everton,MF/FW,6,France,Ginola,FR,navy,red,navy,skyblue,darkred,skyblue,blue,blue,blue,
1990/91,Boca Juniors,1992/93,Fiorentina,2000/01,Rosario Central,FW,7,Argentina,Latorre,AR,blue,gold,blue,blueviolet,blueviolet,blueviolet,navy,gold,navy,
2012/13,Boca Juniors,2014,Chievo Verona,2019/20,Paris Saint Germain,MF,7,Argentina,Paredes,AR,blue,gold,blue,gold,gold,blue,navy,red,navy,
1996/97,Sevilla,2001,Standard Liège,2001/02,Portsmouth,MF,10,Croatia,Prosinecki,HR,white,red,white,red,red,white,royalblue,white,red,
1994/95,Pistoiese,1996/97,AC Milan,1998/99,Perugia,GK,7,Italy,Pagotto,IT,orange,orange,orange,red,black,red,red,red,white,
1990/91,Udinese,1999/00,Fiorentina,2002/03,Boca Juniors,FW,5,Argentina,Balbo,AR,white,black,white,blueviolet,blueviolet,blueviolet,blue,gold,blue,
2004/05,Monaco,2007/08,Osasuna,2013/14,Catania,MF,6,Czechia,Plasil,CZ,red,white,red,red,red,navy,red,dodgerblue,red,
1988/89,Newell's Old Boys,1989/90,River Plate,2003,Inter,FW,9,Argentina,Batistuta,AR,black,red,black,white,red,white,blue,black,blue,
2004/05,Newcastle Utd,2005/06,Valencia,2007/08,Lille,FW,8,Netherlands,Kluivert,NL,white,black,white,white,white,black,red,red,navy,
1998/99,Brescia,2003/04,Ancona,2004,Perugia,FW,6,Italy,Hübner,IT,dodgerblue,white,dodgerblue,red,red,white,red,red,white,
1992/93,Pescara,1994/95,Stuttgart,1999/00,Internacional,MF,5,Brazil,Dunga,BR,dodgerblue,white,dodgerblue,white,red,white,red,red,white,
2003/04,Villarreal,2004/05,AC Milan,2017/18,San Lorenzo,DF,9,Argentina,Coloccini,AR,yellow,yellow,yellow,red,black,red,navy,red,navy,
1956/57,River Plate,1960/61,Juventus,1966/67,Napoli,FW,6,Argentina+Italy,Sivori,ARIT,white,red,white,white,black,white,dodgerblue,dodgerblue,dodgerblue,
2000/01,Galatasaray,2004,Ancona,2007,Anorthosis,FW,6,Brazil,Jardel,BR,red,gold,red,red,red,white,blue,white,blue,
1990/91,Bari,2002/03,Atalanta,2005/06,Treviso,DF,7,Italy,Carrera,IT,white,white,red,blue,black,blue,skyblue,white,skyblue,
2000/01,Rangers,2003/04,Siena,2007/08,Leeds Utd,FW,3,Norway,Flo,NO,royalblue,white,red,white,black,white,white,yellow,royalblue,
2016/17,Paris Saint Germain,2017/18,West Brom,2019/20,Lokomotiv Moscow,MF,10,Poland,Krychowiak,PL,navy,red,navy,navy,white,navy,darkgreen,darkgreen,red,
2001/02,Mallorca,2014/15,Everton,2015,Sampdoria,FW,3'1,Cameroon,Eto'o,CM,red,red,black,blue,blue,blue,dodgerblue,white,dodgerblue,
1999/00,River Plate,2011/12,Malaga,2013/14,Manchester City,DF,10,Argentina,Demichelis,AR,white,red,white,royalblue,white,royalblue,skyblue,skyblue,white,
1988/89,Chelsea,1996/97,Blackburn Rovers,2004/05,Southampton,DF,2+4,England,Le Saux,GB,blue,blue,blue,white,royalblue,white,red,white,red,
1992/93,Brescia,1995/96,Espanyol,2000/01,Dinamo Bucuresti,FW,9,Romania,Raducioiu,RO,dodgerblue,white,dodgerblue,royalblue,white,royalblue,red,white,red,
2001/02,Fiorentina,2005/06,Benfica,2012/13,Blackburn Rovers,FW,4+5,Portugal,Nuno Gomes,PT,blueviolet,blueviolet,blueviolet,red,red,white,white,royalblue,white,
1996/97,Celtic,1997/98,Sheffield Wednesday,2004/05,Lazio,FW,2+5,Italy,Di Canio,IT,green,white,green,white,royalblue,white,skyblue,skyblue,white,
1994/95,River Plate,2006/07,Inter,2009/10,Genoa,FW,6,Argentina,Crespo,AR,white,red,white,blue,black,blue,navy,darkred,navy,
2008/09,Udinese,2011,Genoa,2012/13,Granada,FW,5+6,Italy,Floro Flores,IT,white,black,white,navy,darkred,navy,red,white,red,
1994/95,Parma,1997/98,Barcelona,2006/07,Parma,DF,8+5,Portugal,Fernando Couto,PT,white,gold,blue,firebrick,navy,firebrick,white,gold,blue,
2012/13,Heerenven,2014/15,Real Sociedad,2017/18,FC Augsburg,FW,11,Iceland,Finnbogason,IS,royalblue,white,royalblue,royalblue,white,royalblue,white,forestgreen,red,
1995/96,Perugia,2001/02,Brescia,2003/04,Besiktas,MF,6,Italy,Giunti,IT,red,red,white,dodgerblue,white,dodgerblue,white,white,black,
2012/13,Olympique Lyon,2013/14,Monaco,2015/16,Manchester Utd,FW,7,France,Martial,FR,white,red,blue,red,white,red,red,red,red,
1990/91,Bordeaux,1997/98,Juventus,2000/01,Valencia,MF,9,France,Deschamps,FR,navy,navy,white,white,black,white,white,white,black,
1999/00,Celtic,2005/06,Middlesbrough,2008/09,Newcastle Utd,FW,6,Australia,Viduka,AU,green,white,green,red,red,white,white,black,white,
1994/95,Lazio,2000/01,Everton,2002,Burnley,MF,9,England,Gascoigne,GB,skyblue,skyblue,white,blue,blue,blue,skyblue,darkred,skyblue,
2017/18,Hull City,2018/19,Torino,2020/21,Fulham,DF,3+4,Nigeria,Ola Aina,NG,black,orange,black,firebrick,firebrick,firebrick,white,white,black,
2010/11,AZ Alkmaar,2013/14,Monaco,2021/22,Venezia,GK,6,Argentina,Romero,AR,red,white,black,red,white,red,black,green,orange,
2014/15,AZ Alkmaar,2018/19,Feyenoord,2021/22,Venezia,DF,4,Suriname,Haps,SR,red,white,black,white,red,black,black,green,orange,
2010/11,Catania,2014/15,Leeds Utd,2019/20,Bari,FW,9,Italy,Antenucci,IT,red,dodgerblue,red,white,yellow,royalblue,white,white,red,
1992/93,Benfica,2002/03,Celta Vigo,2004,Alaves,MF,8,Russia,Mostovoj,RU,red,red,white,skyblue,skyblue,skyblue,blue,white,black,
1963/64,Mantova,1964/65,Roma,1972/73,AC Milan,DF,12,West Germany,Schnellinger,DE,white,red,white,darkred,darkred,gold,red,black,red,
1996/97,Boavista,1999/00,Atletico Madrid,2005/06,Middlesbrough,FW,11,Netherlands,Hasselbaink,NL,black,white,black,red,white,red,red,red,white,
1991/92,Nottingham Forest,1997/98,Manchester Utd,2005/06,West Ham Utd,FW,10,England,Sheringham,GB,red,white,red,red,red,red,skyblue,darkred,skyblue,
2009/10,Lille,2012/13,Saint-Étienne,2019/20,Arsenal,FW,10,Gabon,Aubameyang,GA,red,red,navy,green,green,white,white,red,white,
1996/97,Aston Villa,2005,Birmingham City,2007/08,Sunderland,FW,5,Trinidad and Tobago,Yorke,TT,skyblue,darkred,skyblue,blue,blue,white,red,white,red,
2013/14,Dundee Utd,2015/16,Hull City,2017/18,Liverpool,DF,9,Scotland,Robertson,GB,orange,orange,black,black,orange,black,red,red,red,
2012/13,Real Madrid,2014/15,AC Milan,2015/16,Panathinaikos,MF,6,Ghana,Essien,GH,white,white,white,red,black,red,green,green,white,
1999/00,Monza,2001/02,Nice,2019,West Ham Utd,DF,4,France,Evra,FR,red,red,white,red,black,red,skyblue,darkred,skyblue,
1992/93,Foggia,1998/99,Bari,2001/02,Napoli,GK,7,Italy,Mancini,IT,red,black,red,white,white,red,dodgerblue,dodgerblue,dodgerblue,
1993/94,Lazio,1999/00,Lazio,2000/01,Middlesbrough,FW,6,Croatia,Boksic,HR,skyblue,skyblue,white,skyblue,skyblue,white,red,red,white,
1981/82,Fiorentina,1995/96,Juventus,1996/97,AC Milan,DF,10,Italy,Vierchowod,IT,blueviolet,blueviolet,blueviolet,white,black,white,red,black,red,
2007/08,Genoa,2008/09,Lecce,2009/10,Southampton,FW,10,Senegal,Papa Waigo,SN,navy,darkred,navy,red,yellow,red,red,white,red,
1997/98,Trabzonspor,2000/01,Ajax,2007/08,Levante,MF/FW,9,Georgia,Arveladze,GE,darkred,darkred,dodgerblue,white,red,white,navy,red,navy,
1998/99,Salernitana,2003/04,Palermo,2007/08,Empoli,MF,9,Italy,Vannucchi,IT,maroon,maroon,maroon,lightpink,lightpink,black,royalblue,royalblue,white,
2001/02,EA Guincamp,2003/04,Olympique Marseille,2013/14,Galatasaray,FW,6,Côte d'Ivoire,Drogba,CI,red,black,red,white,white,dodgerblue,red,gold,red,
2011/12,Newcastle Utd,2014/15,Paris Saint Germain,2017/18,Crystal Palace,MF,6,France,Cabaye,FR,white,black,white,navy,red,navy,blue,red,blue,
2003/04,Monaco,2009/10,Sevilla,2010/11,Arsenal,DF,9,France,Squillaci,FR,red,white,red,white,red,white,white,red,white,
2008/09,Manchester Utd,2012/13,Stuttgart,2018/19,Panathinaikos,FW,7,Italy,Macheda,IT,red,red,red,white,red,white,green,green,white,
2000/01,Reggiana,2009/10,Wolfsburg,2012/13,Levante,FW,7,Nigeria,Martins,NG,brown,brown,brown,green,green,white,navy,red,navy,
1983/84,Atletico Madrid,1990/91,Real Madrid,1993/94,Rayo Vallecano,FW,7,Mexico,Sanchez,MX,red,white,red,white,white,white,white,white,red,
1999/00,Anderlecht,2002/03,Borussia Dortmund,2010/11,Cannes,FW,6,Czechia,Koller,CZ,darkorchid,darkorchid,white,yellow,yellow,black,red,white,red,
1996/97,AC Milan,1997/98,Barcelona,1998/99,Olympique Marseille,FW,7,France,Dugarry,FR,red,black,red,firebrick,navy,firebrick,white,white,dodgerblue,
2008/09,Palermo,2012/13,Honvéd,2018/19,Ferencváros,FW,9,Italy,Lanzafame,IT,lightpink,lightpink,black,red,black,red,green,white,green,
2013/14,AC Milan,2018/19,Sampdoria,2019/20,Genoa,MF,8,Italy,Saponara,IT,red,black,red,dodgerblue,white,dodgerblue,navy,darkred,navy,
1995/96,Paris Saint Germain,2000/01,1. FC Kaiserslautern,2004/05,Blackburn Rovers,FW,9,France,Djorkaeff,FR,navy,red,navy,red,red,white,white,royalblue,white,
1997/98,Tigres UANL,2003/04,Werder Bremen,2006/07,Grasshoppers,FW,6,Brazil,Ailton,BR,gold,blue,gold,forestgreen,forestgreen,white,white,blue,white,
1982/83,AC Milan,1989/90,Inter,1991/92,AC Milan,FW,6,Italy,Serena,IT,red,black,red,blue,black,blue,red,black,red,
2008/09,Reggina,2013/14,Hellas Verona,2021/22,Virtus Verona,MF,12,Iceland,Hallfredsson,IS,maroon,maroon,maroon,mediumblue,mediumblue,gold,red,royalblue,red,
1990/91,Atalanta,1998/99,Sampdoria,2001/02,Hellas Verona,GK,6,Italy,Ferron,IT,blue,black,blue,dodgerblue,white,dodgerblue,mediumblue,mediumblue,gold,
2010/11,Werder Bremen,2013/14,Sevilla,2021/22,Ferencváros,MF,5,Germany,Marin,DE,forestgreen,forestgreen,white,white,red,white,green,white,green,
1989/90,Porto,1991/92,Genoa,1995/96,Middlesbrough,DF,6,Brazil,Branco,BR,blue,white,blue,navy,darkred,navy,red,red,white,
2005/06,Bayern Munich,2007/08,Chelsea,2010/11,Werder Bremen,FW,7,Peru,Pizarro,PE,red,red,white,blue,blue,blue,forestgreen,forestgreen,white,
1975/76,Genoa,1978/79,Genoa,1990/91,Roma,MF/FW,5,Italy,Conti,IT,navy,darkred,navy,navy,darkred,navy,darkred,darkred,gold,
2004/05,San Lorenzo,2006/07,Espanyol,2009/10,Manchester City,DF,8,Argentina,Zabaleta,AR,navy,red,navy,royalblue,white,royalblue,skyblue,skyblue,white,
1991/92,Bari,1994/95,Juventus,1998/99,Real Madrid,DF,5,Croatia,Jarni,HR,white,white,red,white,black,white,white,white,white,
2006/07,Ajax,2014/15,Roma,2016/17,Sheffield Wednesday,MF,10,Netherlands,Emanuelson,NL,white,red,white,darkred,darkred,gold,white,royalblue,white,
1991/92,Palermo,1992/93,Ancona,1997/98,Genoa,DF,10,Italy,Centofanti,IT,lightpink,lightpink,black,red,red,white,navy,darkred,navy,
2002/03,Aston Villa,2004/05,Southampton,2007/08,Liverpool,FW,6,England,Crouch,GB,skyblue,darkred,skyblue,red,white,red,red,red,red,
1984/85,Hellas Verona,1986/87,AC Milan,1994/95,Padova,FW,9,Italy,Galderisi,IT,mediumblue,mediumblue,gold,red,black,red,white,red,white,
2006,Corinthians,2008/09,Manchester Utd,2019,Boca Juniors,FW,5,Argentina,Tévez,AR,black,white,black,red,red,red,blue,gold,blue,
1994/95,Feyenoord,2003/04,Celtic,2005/06,Barcelona,FW,7,Sweden,Larsson,SE,white,red,black,green,white,green,firebrick,navy,firebrick,
2012/13,Torino,2015/16,Eibar,2017/18,Bologna,MF/FW,5,Italy,Verdi,IT,firebrick,firebrick,firebrick,red,blue,red,darkred,navy,darkred,
2001/02,Deportivo La Coruna,2007/08,Livorno,2008/09,West Ham Utd,FW,7,Spain,Tristán,ES,blue,white,blue,maroon,maroon,maroon,skyblue,darkred,skyblue,
2004/05,Cagliari,2008/09,Benfica,2011/12,Catania,FW,5,Honduras,Suazo,HN,navy,red,navy,red,red,white,red,dodgerblue,red,
1994/95,Genoa,1996/97,Inter,2001/02,Torino,DF,7,Italy,Galante,IT,navy,darkred,navy,blue,black,blue,firebrick,firebrick,firebrick,
1979/80,Valencia,1981/82,River Plate,1986/87,First Vienna,FW,6,Argentina,Kempes,AR,white,white,black,white,red,white,gold,blue,gold,
2010/11,Palermo,2012/13,Torino,2015/16,Manchester Utd,DF,7,Italy,Darmian,IT,lightpink,lightpink,black,firebrick,firebrick,firebrick,red,red,red,
1995/96,Newcastle Utd,1998/99,Parma,1999/00,Palmeiras,FW,8,Colombia,Asprilla,CO,white,black,white,white,gold,blue,darkgreen,darkgreen,white,
2009/10,Arsenal,2016/17,Sevilla,2019/20,Anderlecht,MF/FW,5,France,Nasri,FR,white,red,white,white,red,white,darkorchid,darkorchid,white,
1994/95,Cagliari,1996/97,Paris Saint Germain,2002/03,Malaga,FW,4+6,Panama,Dely Valdés,PA,navy,red,navy,navy,red,navy,royalblue,white,royalblue,
1995/96,Cremonese,2005/06,Alaves,2009/10,Sydney FC,FW,6,Australia,Aloisi,AU,red,gray,red,blue,white,black,skyblue,skyblue,navy,
1993/94,Udinese,1994/95,Inter,2006/07,Ascoli,FW,10,Italy,Delvecchio,IT,white,black,white,blue,black,blue,white,black,white,
2010,Palmeiras,2018/19,Bologna,2021/22,Parma,DF,6,Brazil,Danilo,BR,darkgreen,darkgreen,white,darkred,navy,darkred,white,gold,blue,
2013/14,Inter,2016/17,Standard Liège,2020/21,Hoffenheim,FW,8,Algeria,Belfodil,DZ,blue,black,blue,red,red,white,royalblue,white,royalblue,
2010/11,Reggina,2012/13,Chievo Verona,2018/19,Lazio,DF,6,Italy,Acerbi,IT,maroon,maroon,maroon,gold,gold,blue,skyblue,skyblue,white,
1996/97,AC Milan,1998/99,Manchester Utd,2001/02,Everton,MF,9,Sweden,Blomqvist,SE,red,black,red,red,red,red,blue,blue,blue,
2013/14,Lille,2015/16,Liverpool,2017/18,Wolfsburg,FW,5,Belgium,Origi,BE,red,red,navy,red,red,red,green,green,white,
2004/05,Monaco,2010/11,Lecce,2013/14,QPR,FW,9,Uruguay,Chevanton,UY,red,white,red,red,yellow,red,white,royalblue,white,
1998/99,AC Milan,2001/02,Valencia,2007/08,Real Zaragoza,DF,5,Argentina,Ayala,AR,red,black,red,white,white,black,white,white,blue,
2002/03,Udinese,2007/08,Juventus,2009/10,Bari,MF,7,Argentina,Almiron,AR,white,black,white,white,black,white,white,white,red,
1995/96,Boca Juniors,1996/97,Real Zaragoza,2003/04,Inter,MF,8,Argentina,Gonzalez,AR,blue,gold,blue,white,white,blue,blue,black,blue,
1987/88,Juventus,1996/97,Leeds Utd,1997/98,Newcastle Utd,FW,4,Wales,Rush,GB,white,black,white,white,yellow,royalblue,white,black,white,
1988/89,Grenoble,1996/97,Real Zaragoza,2002/03,Tottenham,MF,5,Uruguay,Poyet,UY,royalblue,white,royalblue,white,white,blue,white,white,navy,
2007/08,Twente,2010/11,Werder Bremen,2017/18,West Ham Utd,FW,10,Austria,Arnautovic,AT,red,red,red,forestgreen,forestgreen,white,skyblue,darkred,skyblue,
2004/05,Rangers,2007/08,Juventus,2012/13,Panathinaikos,DF,8,France,Boumsong,FR,royalblue,white,red,white,black,white,green,green,white,
1999/00,Napoli,2004/05,Real Zaragoza,2009/10,Olympiakos,MF,8,Argentina,Galletti,AR,dodgerblue,dodgerblue,dodgerblue,white,white,blue,red,white,red,
2013/14,Borussia Dortmund,2014/15,Mainz 05,2019/20,Borussia M'Gladbach,MF,7,Germany,Hofmann,DE,yellow,yellow,black,red,white,red,white,forestgreen,black,
1992/93,Atalanta,1998/99,Rangers,2002/03,Padova,DF,7,Italy,Porrini,IT,blue,black,blue,royalblue,white,red,white,red,white,
1998/99,Sampdoria,1999/00,Parma,2000/01,Fiorentina,DF,8,Côte d'Ivoire,Lassissi,CI,dodgerblue,white,dodgerblue,white,gold,blue,blueviolet,blueviolet,blueviolet,
2010/11,Inter,2011/12,Espanyol,2018/19,Barcelona,FW,8,Brazil,Coutinho,BR,blue,black,blue,royalblue,white,royalblue,firebrick,navy,firebrick,
1997/98,Rangers,2001/02,Bologna,2002/03,Livorno,FW,5,Italy,Negri,IT,royalblue,white,red,darkred,navy,darkred,maroon,maroon,maroon,
2010/11,Inter,2011/12,Parma,2017/18,Sparta Prague,FW,8,France,Biabiany,FR,blue,black,blue,white,gold,blue,darkred,darkred,white,
1986/87,Parma,1988/89,AC Milan,1998/99,Parma,DF,5,Italy,Mussi,IT,white,gold,blue,red,black,red,white,gold,blue,
2002/03,Bayer 04 Leverkusen,2012/13,Juventus,2014,Palmeiras,DF,5,Brazil,Lucio,BR,red,black,red,white,black,white,darkgreen,darkgreen,white,
1995/96,Bayer 04 Leverkusen,2001/02,Rangers,2006/07,Manchester City,MF,5,USA,Reyna,US,red,black,red,royalblue,white,red,skyblue,skyblue,white,
2006/07,Valencia,2012/13,Malaga,2020/21,Betis,MF,7,Spain,Joaquin,ES,white,white,black,royalblue,white,royalblue,green,white,green,
2004/05,Monaco,2013/14,Roma,2021/22,Tre Penne,DF,6,Brazil,Maicon,BR,red,white,red,darkred,darkred,gold,deepskyblue,white,deepskyblue,
2010/11,Valencia,2016/17,Barcelona,2019/20,Borussia Dortmund,FW,4+7,Spain,Paco Alcacer,ES,white,white,black,firebrick,navy,firebrick,yellow,yellow,black,
1997/98,Perugia,1998/99,Everton,1999/00,Perugia,DF,9,Italy,Materazzi,IT,red,red,white,blue,blue,blue,red,red,white,
2002/03,Parma,2003/04,Blackburn Rovers,2006/07,1. FC Köln,DF,6,Slovakia,Gresko,SK,white,gold,blue,white,royalblue,white,white,white,red,
2001/02,Fenerbahçe,2003/04,Ancona,2006/07,Standard Liège,FW,6,Croatia,Rapaic,HR,navy,yellow,navy,red,red,white,red,red,white,
2003/04,Benfica,2009/10,Juventus,2011/12,Atletico Madrid,MF,5,Portugal,Tiago,PT,red,red,white,white,black,white,red,white,red,
2005/06,Porto,2009/10,Juventus,2011/12,Atletico Madrid,MF,5,Brazil,Diego,BR,blue,white,blue,white,black,white,red,white,red,
2001/02,Bologna,2005/06,Inter,2006/07,Werder Bremen,DF,4,Cameroon,Womé,CM,darkred,navy,darkred,blue,black,blue,forestgreen,forestgreen,white,
1997/98,Fidelis Andria,1999/00,Perugia,2002/03,Bologna,MF,5,Italy,Olive,IT,deepskyblue,white,deepskyblue,red,red,white,darkred,navy,darkred,
1995/96,Sheffield Wednesday,1997/98,Bari,2000/01,Olympique Marseille,MF,8,Sweden,Ingesson,SE,white,royalblue,white,white,white,red,white,white,dodgerblue,
1997/98,Roma,1999/00,Lecce,2009/10,Juventus,GK,8,Italy,Chimenti,IT,darkred,darkred,gold,red,yellow,red,white,black,white,
2003/04,Udinese,2007/08,Fiorentina,2013/14,Bologna,MF,8,Italy,Pazienza,IT,white,black,white,blueviolet,blueviolet,blueviolet,darkred,navy,darkred,
2012/13,Feyenoord,2015/16,Porto,2019/20,Stoke City,DF,7+4,Netherlands,Martins Indi,NL,white,red,black,blue,white,blue,white,red,white,
1986/87,Porto,1989/90,Ascoli,1992/93,Torino,FW,10,Brazil,Casagrande,BR,blue,white,blue,white,black,white,firebrick,firebrick,firebrick,
2014/15,Almeria,2016/17,Atletico Madrid,2020/21,Arsenal,MF,6,Ghana,Partey,GH,white,red,white,red,white,red,white,red,white,
2014/15,Inter,2018/19,Liverpool,2021/22,Olympique Lyon,MF,7,Switzerland,Shaqiri,CH,blue,black,blue,red,red,red,white,red,blue,
2011/12,Villarreal,2014/15,Napoli,2016/17,Chievo Verona,MF,2+6,Netherlands,De Guzman,NL,yellow,yellow,yellow,dodgerblue,dodgerblue,dodgerblue,gold,gold,blue,
1986/87,Udinese,1989/90,AC Milan,1991/92,Bari,MF,7,Italy,Colombo,IT,white,black,white,red,black,red,white,white,red,
1998,Varese,2003/04,Empoli,2011/12,Udinese,FW,2+6,Italy,Di Natale,IT,white,red,white,royalblue,royalblue,white,white,black,white,
1991/92,Olympique Marseille,1995/96,Torino,1997/98,1860 Munich,MF/FW,5+4,Ghana,Abédi Pelé,GH,white,white,dodgerblue,firebrick,firebrick,firebrick,skyblue,white,skyblue,
1983/84,Roma,1990/91,Sampdoria,1993/94,São Paulo FC,MF,6,Brazil,Cerezo,BR,darkred,darkred,gold,dodgerblue,white,dodgerblue,white,red,black,
1992/93,Manchester Utd,2000/01,Sporting CP,2002/03,Manchester City,GK,10,Denmark,Schmeichel,DK,red,red,red,green,white,green,skyblue,skyblue,white,
2012/13,Real Sociedad,2018/19,Atletico Madrid,2021/22,Barcelona,FW,9,France,Griezmann,FR,royalblue,white,royalblue,red,white,red,firebrick,navy,firebrick,
1985/86,Udinese,1991/92,Juventus,1993/94,Reggiana,DF,2+8,Italy,De Agostini,IT,white,black,white,white,black,white,brown,brown,brown,
1982/83,Norwich City,1992/93,Wimbledon FC,1994/95,Aston Villa,FW,7,England,Fashanu,GB,forestgreen,yellow,forestgreen,blue,blue,yellow,skyblue,darkred,skyblue,
1985/86,Lazio,1990/91,Udinese,1993/94,Inter,MF,4'4,Italy,Dell'Anno,IT,skyblue,skyblue,white,white,black,white,blue,black,blue,
1992/93,Ajax,1993/94,Inter,1999/00,Sheffield Wednesday,MF,4,Netherlands,Jonk,NL,white,red,white,blue,black,blue,white,royalblue,white,
2008/09,Crystal Palace,2017/18,West Ham Utd,2021/22,Lille,DF,5,Portugal,Fonte,PT,blue,red,blue,skyblue,darkred,skyblue,red,red,navy,
1990/91,Aston Villa,1993/94,Chelsea,1995/96,Olympique Marseille,FW,9,Ireland,Cascarino,IE,skyblue,darkred,skyblue,blue,blue,blue,white,white,dodgerblue,
2014/15,Chelsea,2017/18,Crystal Palace,2020/21,Fulham,MF,6+5,England,Loftus-Cheek,GB,blue,blue,blue,blue,red,blue,white,white,black,
2008/09,Manchester City,2016/17,Leicester City,2022/23,Nice,GK,10,Denmark,Schmeichel,DK,skyblue,skyblue,white,royalblue,royalblue,white,red,black,red,
1995/96,AC Milan,1999/00,Udinese,2003/04,Bologna,MF,9,Italy,Locatelli,IT,red,black,red,white,black,white,darkred,navy,darkred,
2007/08,Standard Liège,2009/10,Everton,2019/20,Shandong,MF,8,Belgium,Fellaini,BE,red,red,white,blue,blue,blue,orange,blue,orange,
1993/94,Udinese,2005/06,Udinese,2007/08,Siena,DF,8,Italy,Bertotto,IT,white,black,white,white,black,white,white,black,white,
1989/90,Sampdoria,1994/95,Roma,2003/04,Valencia,DF,7,Italy,Carboni,IT,dodgerblue,white,dodgerblue,darkred,darkred,gold,white,white,black,
1988/98,1. FC Köln,1990/91,Bayern Munich,1992/93,Juventus,DF,6,Germany,Kohler,DE,white,white,red,red,red,white,white,black,white,
1997/98,Parma,2002/03,Lazio,2004/05,Valencia,MF,5,Italy,Fiore,IT,white,gold,blue,skyblue,skyblue,white,white,white,black,
1985/86,FC Augsburg,1990/91,Lazio,1998/99,Liverpool,FW,6,Germany,Riedle,DE,white,forestgreen,red,skyblue,skyblue,white,red,red,red,
1989/90,Udinese,1999/00,Lazio,2003/04,Udinese,DF/MF,7,Argentina,Sensini,AR,white,black,white,skyblue,skyblue,white,white,black,white,
2015/16,Atletico Madrid,2018/19,Dalian Yifang,2019/20,Atletico Madrid,MF/FW,8,Belgium,Carrasco,BE,red,white,red,deepskyblue,black,deepskyblue,red,white,red,
2000/01,Juventus,2002/03,Fulham,2005/06,Manchester Utd,GK,3+3+3,Netherlands,van der Sar,NL,white,black,white,white,white,black,red,red,red,
2002/03,Lecce,2008/09,Fiorentina,2011/12,Napoli,MF,7,Italy,Donadel,IT,red,yellow,red,blueviolet,blueviolet,blueviolet,dodgerblue,dodgerblue,dodgerblue,
1996/97,LA Galaxy,1997,Cruz Azul,2000,Tigres UANL,GK,6,Mexico,Campos,MX,gold,navy,gold,blue,white,red,gold,blue,gold,
1991/92,AC Milan,1994/95,Lazio,1999/00,Parma,MF,5,Italy,Fuser,IT,red,black,red,skyblue,skyblue,white,white,gold,blue,
1990/91,Napoli,2000/01,Chelsea,2004/05,Cagliari,FW,4,Italy,Zola,IT,dodgerblue,dodgerblue,dodgerblue,blue,blue,blue,navy,red,navy,
2005/06,Inter,2010/11,Roma,2014/15,Fiorentina,MF,7,Chile,Pizarro,CL,blue,black,blue,darkred,darkred,gold,blueviolet,blueviolet,blueviolet,
1989/90,Genoa,1992/93,Inter,1999/00,Bologna,MF/FW,8,Italy,Fontolan,IT,navy,darkred,navy,blue,black,blue,darkred,navy,darkred,
1980/81,Atalanta,1983/84,Ascoli,1990/91,Inter,DF,10,Italy,Mandorlini,IT,blue,black,blue,white,black,white,blue,black,blue,
1987/88,Atletico Madrid,1991/92,Napoli,1993/94,Atalanta,MF,6,Brazil,Alemao,BR,red,white,red,dodgerblue,dodgerblue,dodgerblue,blue,black,blue,
2000/01,Napoli,2004/05,Udinese,2006/07,AC Milan,DF/MF,11,Czechia,Jankulovski,CZ,dodgerblue,dodgerblue,dodgerblue,white,black,white,red,black,red,
1991,Bayer Uerdingen,1995/96,Borussia Dortmund,2001/02,Grasshoppers,FW,9,Switzerland,Chapuisat,CH,blue,red,blue,yellow,yellow,black,white,blue,white,
1990/91,1. FC Kaiserslautern,1994/95,Bayer 04 Leverkusen,1996/97,Schalke 04,DF,6,USA,Dooley,US,red,red,white,red,black,red,royalblue,royalblue,white,
2001/02,Ascoli,2003/04,Chievo Verona,2015/16,Juventus,DF,8,Italy,Barzagli,IT,white,black,white,gold,gold,blue,white,black,white,
1997/98,Newcastle Utd,2002/03,Brescia,2004,West Ham Utd,GK,7,Czechia,Srnicek,CZ,white,black,white,dodgerblue,white,dodgerblue,skyblue,darkred,skyblue,
1964/65,Potenza,1967,Chicago Mustangs,1978/79,Juventus,FW,10,Italy,Boninsegna,IT,red,blue,red,darkred,darkred,white,white,black,white,
2013/14,Atalanta,2017/18,Fiorentina,2021/22,Atalanta,GK,10,Italy,Sportiello,IT,blue,black,blue,blueviolet,blueviolet,blueviolet,blue,black,blue,
1994/95,1. FC Kaiserslautern,1996/97,Inter,2001/02,Bayern Munich,MF,6,Switzerland,Sforza,CH,red,red,white,blue,black,blue,red,red,white,
2004/05,Atalanta,2007/08,Catania,2009/10,Napoli,FW,3,Brazil,Pià,BR,blue,black,blue,red,dodgerblue,red,dodgerblue,dodgerblue,dodgerblue,
2001/02,Auxerre,2008/09,Roma,2015/16,AC Milan,DF,5,France,Mexes,FR,white,white,steelblue,darkred,darkred,gold,red,black,red,
1992/93,Parma,1999/00,Galatasaray,2001/02,Parma,GK,8,Brazil,Taffarel,BR,white,gold,blue,red,gold,red,white,gold,blue,
2001/02,Bologna,2004/05,Palermo,2014/15,AC Milan,DF,8,Italy,Zaccardo,IT,darkred,navy,darkred,lightpink,lightpink,black,red,black,red,
2010/11,Udinese,2013/14,Atalanta,2021/22,Reggina,FW,5,Argentina,Denis,AR,white,black,white,blue,black,blue,maroon,maroon,maroon,
1965/66,SPAL,1968/69,Roma,1974/75,Juventus,MF,7,Italy,Capello,IT,white,royalblue,white,darkred,darkred,gold,white,black,white,
1990/91,Rapid Vienna,1997/98,Roma,1999/00,Venezia,GK,6,Austria,Konsel,AT,green,white,green,darkred,darkred,gold,black,green,orange,
1985/86,Nacional,1991/92,Genoa,1993/94,Torino,FW,8,Uruguay,Aguilera,UY,white,blue,red,navy,darkred,navy,firebrick,firebrick,firebrick,
2006/07,CD Nacional,2008/09,Wolfsburg,2019/20,Monaco,GK,8,Switzerland,Benaglio,CH,white,black,white,green,green,white,red,white,red,
2009/10,Sampdoria,2012/13,Inter,2015/16,Sampdoria,FW,7,Italy,Cassano,IT,dodgerblue,white,dodgerblue,blue,black,blue,dodgerblue,white,dodgerblue,
1993/94,Torino,1998/99,Atalanta,2002/03,Udinese,DF,6,Italy,Sottil,IT,firebrick,firebrick,firebrick,blue,black,blue,white,black,white,
1989/90,Olympique Marseille,1992/93,Cagliari,1993/94,Torino,MF/FW,11,Uruguay,Francescoli,UY,white,white,dodgerblue,navy,red,navy,firebrick,firebrick,firebrick,
1995/96,Cagliari,2005/06,Fiorentina,2006/07,Torino,DF,7,Italy,Pancaro,IT,navy,red,navy,blueviolet,blueviolet,blueviolet,firebrick,firebrick,firebrick,
2001/02,Lazio,2003/04,Udinese,2006/07,Velez Sarsfield,MF/FW,9,Argentina,Castroman,AR,skyblue,skyblue,white,white,black,white,white,blue,white,
2003/04,Manchester Utd,2005/06,Villarreal,2011/12,Inter,FW,6,Uruguay,Forlan,UY,red,red,red,yellow,yellow,yellow,blue,black,blue,
1991/92,Foggia,1999/00,Derby County,2001/02,Pistoiese,FW,6,Italy,Baiano,IT,red,black,red,white,white,black,orange,orange,orange,
1995/96,Werder Bremen,1998/99,Palmeiras,2003/04,Internacional,DF,6+6,Brazil,Junior Baiano,BR,forestgreen,forestgreen,white,darkgreen,darkgreen,white,red,red,white,
1999/00,Palmeiras,2000/01,Deportivo La Coruna,2003/04,Sanfrecce Hiroshima,MF,6+7,Brazil,Cesar Sampaio,BR,darkgreen,darkgreen,white,blue,white,blue,white,darkviolet,white,
2002/03,Barcelona,2007/08,Atletico Madrid,2013/14,Paris Saint Germain,MF,6+5,Brazil+Italy,Thiago Motta,BRIT,firebrick,navy,firebrick,red,white,red,navy,red,navy,
1968/69,Brescia,1980/81,Juventus,1983/84,Fiorentina,DF,10,Italy,Cuccureddu,IT,dodgerblue,white,dodgerblue,white,black,white,blueviolet,blueviolet,blueviolet,
2003/04,Barcelona,2009,Chelsea,2015/16,Besiktas,FW,8,Portugal,Quaresma,PT,firebrick,navy,firebrick,blue,blue,blue,white,white,black,
1980/81,Cagliari,1987/88,AC Milan,1990/91,Lecce,FW,6,Italy,Virdis,IT,navy,red,navy,red,black,red,red,yellow,red,
2002/03,Genoa,2007/08,Juventus,2021/22,Genoa,DF,8,Italy,Criscito,IT,navy,darkred,navy,white,black,white,navy,darkred,navy,
1963/64,Bologna,1972/73,Juventus,1975/76,FC Augsburg,FW,6,Germany,Haller,DE,darkred,navy,darkred,white,black,white,white,forestgreen,red,
2006/07,Genoa,2012/13,Juventus,2017,Genoa,GK,7,Brazil,Rubinho,BR,navy,darkred,navy,white,black,white,navy,darkred,navy,
2004/05,Torino,2010/11,Juventus,2015/16,Torino,FW,12,Italy,Quagliarella,IT,firebrick,firebrick,firebrick,white,black,white,firebrick,firebrick,firebrick,
2012/13,Napoli,2015/16,Leicester City,2019/20,Istanbul Başakşehir,MF,5,Switzerland,Inler,CH,dodgerblue,dodgerblue,dodgerblue,royalblue,royalblue,white,orange,navy,skyblue,
2015/16,Inter,2017/18,Valencia,2019,Barcelona,DF,7,Colombia,Murillo,CO,blue,black,blue,white,white,black,firebrick,navy,firebrick,
1962/63,AC Milan,1971/72,Napoli,1975/76,Juventus,FW,8,Brazil+Italy,Altafini,BRIT,red,black,red,dodgerblue,dodgerblue,dodgerblue,white,black,white,
2021,West Brom,2022,Roma,2022/23,Southampton,DF/MF,8-5,England,Maitland-Niles,GB,navy,white,navy,darkred,darkred,gold,red,white,red,
2002/03,Venezia,2008/09,Inter,2009/10,AC Milan,MF/FW,7,Brazil,Mancini,BR,black,green,orange,blue,black,blue,red,black,red,
1985/86,Avellino,1988/89,Inter,1990/91,Monaco,FW,4,Argentina,Diaz,AR,green,white,green,blue,black,blue,red,white,red,
2012/13,Benfica,2014/15,Zenit St. Petersburg,2018/19,Valencia,DF,5,Argentina,Garay,AR,red,red,white,white,royalblue,white,white,white,black,
2013/14,AC Ajaccio,2015/16,Malaga,2018/19,Standard Liège,GK,5,Mexico,Ochoa,MX,white,red,white,royalblue,white,royalblue,red,red,white,
2001/02,Hellas Verona,2002/03,Parma,2013/14,AC Ajaccio,FW,4,Romania,Mutu,RO,mediumblue,mediumblue,gold,white,gold,blue,white,red,white,
1990/91,Fiorentina,1992/93,Brescia,1996/97,Hellas Verona,GK,8,Italy,Landucci,IT,blueviolet,blueviolet,blueviolet,dodgerblue,white,dodgerblue,mediumblue,mediumblue,gold,
1985/86,Lecce,1993/94,Parma,1996/97,Perugia,DF,2+6,Italy,Di Chiara,IT,red,yellow,red,white,gold,blue,red,red,white,
1991/92,Monaco,1997/98,Arsenal,2000/01,Barcelona,MF,5,France,Petit,FR,red,white,red,white,red,white,firebrick,navy,firebrick,
1975/76,Ajax,1982/83,Napoli,1984/85,Cannes,DF,4,Netherlands,Krol,NL,white,red,white,dodgerblue,dodgerblue,dodgerblue,red,white,red,
2004/05,Atalanta,2007/08,Fiorentina,2012/13,AC Milan,MF,9,Italy,Montolivo,IT,blue,black,blue,blueviolet,blueviolet,blueviolet,red,black,red,
1986/87,AC Milan,1989/90,Monaco,1995/96,QPR,FW,7,England,Hateley,GB,red,black,red,red,white,red,white,royalblue,white,
1979/80,Juventus,1988/89,Inter,1991/92,Hellas Verona,MF/FW,5,Italy,Fanna,IT,white,black,white,blue,black,blue,mediumblue,mediumblue,gold,
2004/05,Atalanta,2008/09,Sampdoria,2017/18,Levante,FW,7,Italy,Pazzini,IT,blue,black,blue,dodgerblue,white,dodgerblue,navy,red,navy,
2018/19,Wolfsburg,2021/22,Burnley,2022/23,Besiktas,FW,8,Netherlands,Weghorst,NL,green,green,white,skyblue,darkred,skyblue,white,white,black,
2019,Boca Juniors,2020,Estudiantes,2022,Atletico Tigre,FW,7,Italy,Retegui,IT,blue,gold,blue,red,white,red,blue,red,blue,
2005/06,Palermo,2011/12,Catania,2023,Estudiantes,GK,7,Argentina,Andujar,AR,lightpink,lightpink,black,red,dodgerblue,red,red,white,red,
2005/06,Juventus,2007/08,Sampdoria,2012/13,Parma,GK,7,Italy,Mirante,IT,white,black,white,dodgerblue,white,dodgerblue,white,gold,blue,
1983/84,Manchester Utd,1984/85,AC Milan,1995/96,QPR,MF,7,England,Wilkins,GB,red,red,red,red,black,red,white,royalblue,white,
2000/01,Lazio,2002/03,Manchester Utd,2003/04,Chelsea,MF,5,Argentina,Veron,AR,skyblue,skyblue,white,red,red,red,blue,blue,blue,
1996/97,Torino,2001/02,SPAL,2018/19,Chievo Verona,FW,10,Italy,Pellissier,IT,firebrick,firebrick,firebrick,white,royalblue,white,gold,gold,blue,
1999/00,Reggina,2004/05,Chievo Verona,2009/10,Lazio,MF,7,Italy,Baronio,IT,maroon,maroon,maroon,gold,gold,blue,skyblue,skyblue,white,
2013/14,Manchester Utd,2015/16,Borussia Dortmund,2021/22,Real Sociedad,FW,7,Belgium,Januzaj,BE,red,red,red,yellow,yellow,black,royalblue,white,royalblue,
1994/95,Inter,1999/00,AC Milan,2002/03,Brindisi,MF,9,Italy,Orlandini,IT,blue,black,blue,red,black,red,white,royalblue,white,
1997/98,Paris Saint Germain,1999/00,Monaco,2001/02,AC Milan,FW,6,Italy,Simone,IT,navy,red,navy,red,white,red,red,black,red,
2006/07,AC Milan,2009/10,Bordeaux,2013/14,Olympique Lyon,MF,8,France,Gourcuff,FR,red,black,red,navy,navy,white,white,red,blue,
1991/92,Napoli,1995/96,Nottingham Forest,1999/00,Torino,FW,7,Italy,Silenzi,IT,dodgerblue,dodgerblue,dodgerblue,red,white,red,firebrick,firebrick,firebrick,
1979/80,Freiburg,1981/82,Eintracht Frankfurt,1984/85,Karlsruhe,MF/FW,3,Germany,Löw,DE,white,black,white,red,black,red,blue,blue,white,
2001/02,Hellas Verona,2008/09,Bayern Munich,2011/12,Lecce,DF,4,Italy,Oddo,IT,mediumblue,mediumblue,gold,red,red,white,red,yellow,red,
2011/12,Lecce,2013/14,Fiorentina,2014/15,Chelsea,DF/MF/FW,8,Colombia,Cuadrado,CO,red,yellow,red,blueviolet,blueviolet,blueviolet,blue,blue,blue,
1982/83,Roma,1986/87,AC Milan,1987/88,Cesena,MF,2+10,Italy,Di Bartolomei,IT,darkred,darkred,gold,red,black,red,white,white,black,
2011/12,Genoa,2018/19,Trabzonspor,2021/22,Watford,MF,5,Slovakia,Kucka,SK,navy,darkred,navy,darkred,darkred,dodgerblue,yellow,black,red,
1997/98,Valencia,2002/03,Lazio,2007/08,Racing Club,FW,5,Argentina,Lopez,AR,white,white,black,skyblue,skyblue,white,royalblue,white,royalblue,
2012/13,Liverpool,2013/,Sunderland,2019/20,Hellas Verona,FW,6,Italy,Borini,IT,red,red,red,red,white,red,mediumblue,mediumblue,gold,
1990/91,Pisa,1993/94,Sevilla,1996/97,Atletico Madrid,MF,7,Argentina,Simeone,AR,blue,black,blue,white,red,white,red,white,red,
2008/09,Lille,2011/12,Arsenal,2019/20,Parma,FW,8,Brazil,Gervinho,BR,red,red,navy,white,red,white,white,gold,blue,
2011/12,Paris Saint Germain,2016/17,Sevilla,2016/17,Osasuna,GK,6,Italy,Sirigu,IT,navy,red,navy,white,red,white,red,red,navy,
2005/06,Fiorentina,2015/16,Fiorentina,2018/19,Empoli,DF,7,Italy,Pasqual,IT,blueviolet,blueviolet,blueviolet,blueviolet,blueviolet,blueviolet,royalblue,royalblue,white,
1988/89,Chievo Verona,2001/02,Chievo Verona,2003,Napoli,DF,1'6,Italy,D'Angelo,IT,gold,gold,blue,gold,gold,blue,dodgerblue,dodgerblue,dodgerblue,
2008/09,Ajax,2016/17,Fenerbahçe,2017/18,Cagliari,DF,3+3+4,Netherlands,Van der Wiel,NL,white,red,white,navy,yellow,navy,navy,red,navy,
2009/10,San Lorenzo,2013/14,Metalist Charkiv,2020/21,Sevilla,MF/FW,5,Argentina,Gomez,AR,navy,red,navy,yellow,forestgreen,yellow,white,red,white,
2000/01,Napoli,2005/06,Chievo Verona,2011/12,Fiorentina,FW,6,Italy,Amauri,IT,dodgerblue,dodgerblue,dodgerblue,gold,gold,blue,blueviolet,blueviolet,blueviolet,
1994/95,Genoa,1999/00,Piacenza,2002/03,Torino,DF,5+5,Italy,Delli Carri,IT,navy,darkred,navy,red,red,white,firebrick,firebrick,firebrick,
1998/99,Bari,2001/02,Bordeaux,2002/03,Torino,MF/FW,10,Sweden,Osmanovski,SE,white,white,red,navy,navy,white,firebrick,firebrick,firebrick,
1991/92,Cremonese,1998/99,Blackburn Rovers,2002/03,Piacenza,MF,8,Italy,Marcolin,IT,red,gray,red,white,royalblue,white,red,red,white,
2001/02,Torino,2005/06,Treviso,2007,Internacional,FW,5,Brazil,Pinga,BR,firebrick,firebrick,firebrick,skyblue,white,skyblue,red,red,white,
1996/97,Bologna,1997/98,AC Milan,2005/06,Parma,DF,7,Italy,Cardone,IT,darkred,navy,darkred,red,black,red,white,gold,blue,
2006/07,Lazio,2009/10,Bologna,2012/13,Inter,DF,9,Belgium,Mudingayi,BE,skyblue,skyblue,white,darkred,navy,darkred,blue,black,blue,
2014/15,Atalanta,2016/17,Torino,2021/22,Cagliari,MF,7,Italy,Baselli,IT,blue,black,blue,firebrick,firebrick,firebrick,navy,red,navy,
2014/15,Genoa,2020/21,Celtic,2021/22,Dinamo Moscow,MF,6,Uruguay,Laxalt,UY,navy,darkred,navy,green,white,green,white,royalblue,white,
2004/05,Atalanta,2008/09,Palermo,2016/17,Atalanta,MF,10,Italy,Migliaccio,IT,blue,black,blue,lightpink,lightpink,black,blue,black,blue,
2004/05,Parma,2005/06,Middlesbrough,2010/11,Sampdoria,FW,9,Italy,Maccarone,IT,white,gold,blue,red,red,white,dodgerblue,white,dodgerblue,
2012/13,Spezia,2015/16,Empoli,2016/17,Roma,DF,5+3,Portugal,Mario Rui,PT,white,white,black,royalblue,royalblue,white,darkred,darkred,gold,
2008/09,Palermo,2014/15,Lille,2017/18,Sevilla,DF,5,Denmark,Kjaer,DK,lightpink,lightpink,black,red,red,navy,white,red,white,
1987/88,Real Zaragoza,1992/93,AC Milan,1994/95,Ajax,MF,8,Netherlands,Rijkaard,NL,white,white,blue,red,black,red,white,red,white,
2014/15,Empoli,2017/18,Torino,2019/20,Spal,MF,10,Italy,Valdifiori,IT,royalblue,royalblue,white,firebrick,firebrick,firebrick,white,royalblue,white,
1998/99,Standard Liège,2000/01,Sporting CP,2006/07,Anderlecht,FW,6,Belgium,Mpenza,BE,red,red,white,green,white,green,darkorchid,darkorchid,white,
2014/15,RB Leipzig,2015/16,Hellas Verona,2018/19,Eintracht Frankfurt,FW,5,Croatia,Rebic,HR,white,red,white,mediumblue,mediumblue,gold,red,black,red,
1999/00,Barcelona,2001/02,Liverpool,2004/05,Hansa Rostock,FW,8,Finland,Litmanen,FI,firebrick,navy,firebrick,red,red,red,white,royalblue,red,
2005/06,Independiente,2012/13,Anderlecht,2015/16,Lazio,MF,6,Argentina,Biglia,AR,red,red,black,darkorchid,darkorchid,white,skyblue,skyblue,white,
2005/06,Fiorentina,2008/09,Napoli,2020/21,Benevento,DF,6,Italy,Maggio,IT,blueviolet,blueviolet,blueviolet,dodgerblue,dodgerblue,dodgerblue,gold,red,gold,
2011/12,Barcelona,2012/13,Schalke 04,2017/18,Stoke City,FW,7,Netherlands,Afellay,NL,firebrick,navy,firebrick,royalblue,royalblue,white,white,red,white,
2011/12,Manchester City,2013/14,Fiorentina,2018/19,Atletico Madrid,DF,5,Montenegro,Savic,ME,skyblue,skyblue,white,blueviolet,blueviolet,blueviolet,red,white,red,
2011/12,Roma,2013/14,Ajax,2016/17,Mainz 05,FW,5,Spain,Bojan,ES,darkred,darkred,gold,white,red,white,red,white,red,
2016/17,Sassuolo,2017/18,Benevento,2020/21,Las Palmas,FW,8,Italy,Iemmello,IT,forestgreen,black,forestgreen,gold,red,gold,yellow,yellow,blue,
2017/18,Roma,2020/21,Leicester City,2021/22,Olympique Marseille,FW,5,Turkey,Ünder,TR,darkred,darkred,gold,royalblue,royalblue,white,white,white,dodgerblue,
1991/92,Olympique Marseille,1994/95,Rangers,1995/96,Monaco,DF,4,France,Boli,FR,white,white,dodgerblue,royalblue,white,red,red,white,red,
1998/99,Barcelona,2003/04,Real Madrid,2006/07,Inter,MF,4,Portugal,Figo,PT,firebrick,navy,firebrick,white,white,white,blue,black,blue,
1990/91,Monaco,1997/98,AC Milan,2000/01,Manchester City,FW,4,Liberia,Weah,LR,red,white,red,red,black,red,skyblue,skyblue,white,
1978/79,Atalanta,1983/84,Juventus,1989/90,Atalanta,MF,9,Italy,Prandelli,IT,blue,black,blue,white,black,white,blue,black,blue,
2004/05,Dinamo Moscow,2007/08,Inter,2009/10,1. FC Köln,MF,7,Portugal,Maniche,PT,white,royalblue,white,blue,black,blue,white,white,red,
1996/97,AC Milan,2004/05,Middlesbrough,2006/07,PSV,DF,8,Netherlands,Reiziger,NL,red,black,red,red,red,white,red,white,red,
1990/91,Lecce,1992/93,Cagliari,1995/96,Roma,MF,7,Italy,Moriero,IT,red,yellow,red,navy,red,navy,darkred,darkred,gold,
1984/85,Udinese,1988/89,Juventus,1989/90,Napoli,MF,5,Italy,Mauro,IT,white,black,white,white,black,white,dodgerblue,dodgerblue,dodgerblue,
1997/98,Inter,1999/00,AC Milan,2003/04,Partizan Belgrade,DF,4,Nigeria,West,NG,blue,black,blue,red,black,red,black,white,black,
2003/04,Brescia,2007/08,Real Zaragoza,2011/12,Lazio,MF,9,Brazil,Matuzalem,BR,dodgerblue,white,dodgerblue,white,white,blue,skyblue,skyblue,white,
2002/03,Hajduk Split,2008/09,Shakhtar Donetsk,2018/19,Cagliari,DF,4,Croatia,Srna,HR,white,royalblue,white,orange,orange,black,navy,red,navy,
2008/09,Lazio,2018/19,Arsenal,2019/20,FC Augsburg,DF,12,Switzerland,Lichtsteiner,CH,skyblue,skyblue,white,white,red,white,white,forestgreen,red,
2005/06,AEK Athen,2007/08,Recreativo Huelva,2014/15,Palermo,GK,10,Italy,Sorrentino,IT,gold,black,gold,white,royalblue,white,lightpink,lightpink,black,
2006/07,Catania,2010/11,Napoli,2011/12,Novara,FW,7,Italy,Mascara,IT,red,dodgerblue,red,dodgerblue,dodgerblue,dodgerblue,dodgerblue,dodgerblue,black,
2004/05,Napoli,2007/08,Empoli,2016/17,AC Milan,DF,5,Italy,Abate,IT,dodgerblue,dodgerblue,dodgerblue,royalblue,royalblue,white,red,black,red,
2013/14,Chelsea,2014/15,AC Milan,2015/16,Stoke City,MF,3+6,Netherlands,Van Ginkel,NL,blue,blue,blue,red,black,red,white,red,white,
2010/11,Napoli,2013/14,Inter,2016/17,Pescara,DF,10,Argentina,Campagnaro,AR,dodgerblue,dodgerblue,dodgerblue,blue,black,blue,dodgerblue,white,dodgerblue,
2006/07,Real Madrid,2011/12,Roma,2012/13,Valencia,MF,4,Argentina,Gago,AR,white,white,white,darkred,darkred,gold,white,white,black,